Data Zone,Intermediate Geography Name,All people,Work or study mainly at or from home,Underground metro light rail or tram,Train,Bus minibus or coach,Taxi or minicab,Driving a car or van,Passenger in a car or van,Motorcycle scooter or moped,Bicycle,On foot,Other
S01003025,Carmunnock South,535,58,2,27,48,3,252,68,-,10,60,7
S01003026,Carmunnock South,490,62,3,11,76,4,222,55,1,2,48,6
S01003027,Darnley East,756,67,3,45,76,7,366,124,2,2,58,6
S01003028,Glenwood South,361,62,-,3,107,2,68,27,-,1,90,1
S01003029,Carmunnock South,645,98,1,15,176,6,185,67,1,11,84,1
S01003030,Glenwood South,811,97,-,8,193,9,256,84,-,3,161,-
S01003032,Glenwood South,224,36,-,3,60,2,62,13,-,1,47,-
S01003033,Glenwood South,270,38,-,5,62,3,56,22,2,-,79,3
S01003034,Darnley East,643,69,1,29,78,12,258,119,1,1,70,5
S01003035,Glenwood South,596,95,2,7,188,6,137,65,1,3,92,-
S01003036,Glenwood South,366,49,1,8,85,5,91,33,-,3,91,-
S01003037,Darnley West,1592,207,3,60,174,11,760,280,-,5,71,21
S01003038,Darnley West,643,85,1,16,101,9,288,106,1,3,27,6
S01003039,Darnley East,493,58,4,14,110,11,133,56,1,1,101,4
S01003040,Castlemilk,440,57,1,5,113,4,120,40,1,-,97,2
S01003041,Darnley West,497,62,2,13,75,2,225,82,1,-,32,3
S01003042,Glenwood North,323,41,1,2,127,7,59,26,-,-,57,3
S01003043,Glenwood North,300,57,4,3,121,4,28,19,-,2,62,-
S01003044,Glenwood North,645,76,-,8,225,4,115,69,2,2,139,5
S01003045,Darnley East,530,84,-,4,148,9,116,65,-,3,100,1
S01003046,Glenwood North,472,46,3,2,121,11,163,61,-,4,60,1
S01003047,Carmunnock South,476,57,-,7,136,5,108,41,-,2,119,1
S01003048,Castlemilk,210,30,1,8,70,6,45,7,-,3,40,-
S01003049,Castlemilk,227,20,-,2,76,7,58,14,-,1,48,1
S01003050,Carmunnock North,461,45,1,35,67,2,212,55,-,3,39,2
S01003051,Darnley North,646,72,-,32,113,8,219,64,-,3,133,2
S01003052,Castlemilk,323,49,2,3,112,2,67,23,1,-,61,3
S01003053,Darnley North,671,92,-,35,121,2,249,59,-,2,108,3
S01003054,Castlemilk,521,36,-,15,141,7,186,48,2,1,82,3
S01003055,Carnwadric West,412,49,-,9,85,7,109,34,1,5,112,1
S01003056,Darnley East,531,97,2,16,168,7,99,34,-,3,105,-
S01003057,Castlemilk,488,26,1,24,129,5,166,60,3,2,71,1
S01003058,Darnley West,790,91,-,42,158,7,342,88,3,4,51,4
S01003059,Muirend and Old Cathcart,542,56,2,96,55,1,198,55,-,9,68,2
S01003060,Glenwood North,657,78,1,17,169,2,197,98,1,5,87,2
S01003061,Carmunnock North,519,43,2,39,79,5,225,46,-,4,75,1
S01003062,Darnley North,574,60,5,26,99,4,261,75,2,6,35,1
S01003063,Castlemilk,562,44,5,25,153,9,189,47,2,6,80,2
S01003064,Carnwadric West,398,30,1,23,87,8,121,30,-,2,95,1
S01003065,Muirend and Old Cathcart,654,70,3,95,127,4,253,49,1,6,42,4
S01003066,Muirend and Old Cathcart,573,48,1,87,77,3,230,56,-,8,59,4
S01003067,Carmunnock North,411,25,1,25,77,7,165,51,1,3,54,2
S01003068,Carmunnock North,538,65,2,100,57,-,206,31,-,6,66,5
S01003069,Carnwadric East,322,29,2,17,68,2,119,34,-,1,50,-
S01003070,Carnwadric East,483,71,5,33,94,2,148,48,1,8,73,-
S01003071,Muirend and Old Cathcart,391,45,4,50,26,1,175,42,-,6,38,4
S01003072,Carnwadric West,545,50,1,30,115,7,149,66,-,2,121,4
S01003073,Kingspark South,504,46,1,23,104,1,185,46,3,4,88,3
S01003074,Newlands,501,64,3,29,58,4,229,60,2,7,44,1
S01003075,Kingspark South,488,52,2,23,119,3,177,37,-,1,74,-
S01003076,Carnwadric West,394,55,-,24,121,4,56,26,-,6,101,1
S01003077,Carnwadric East,543,59,5,39,129,7,160,51,1,6,83,3
S01003078,Muirend and Old Cathcart,400,42,4,32,62,4,143,33,1,6,71,2
S01003079,Muirend and Old Cathcart,637,59,3,123,67,7,227,47,2,10,91,1
S01003080,Kingspark South,605,63,1,28,127,2,232,70,-,2,79,1
S01003081,Carnwadric West,754,89,2,51,97,12,276,153,1,4,68,1
S01003082,Nitshill,715,106,3,47,157,12,194,80,4,2,106,4
S01003083,Nitshill,738,99,1,40,157,12,221,70,1,4,131,2
S01003084,Nitshill,356,41,-,15,82,10,118,25,-,2,62,1
S01003085,Cathcart,660,58,3,89,86,6,266,41,1,10,96,4
S01003086,Newlands,431,75,3,26,50,1,168,48,-,7,50,3
S01003087,Kingspark South,476,24,1,29,149,3,148,46,2,3,70,1
S01003088,Nitshill,611,85,2,18,172,12,134,38,3,2,143,2
S01003089,Newlands,479,50,3,36,55,2,233,41,-,7,51,1
S01003090,Merrylee and Millbrae,447,38,4,58,55,4,151,33,-,8,94,2
S01003091,Kingspark South,401,37,2,43,92,4,135,32,2,2,50,2
S01003092,Carnwadric East,477,58,2,28,94,5,161,53,-,3,71,2
S01003093,Newlands,522,71,1,25,148,4,148,30,2,4,87,2
S01003094,Merrylee and Millbrae,596,48,3,98,86,3,220,48,2,11,72,5
S01003095,Newlands,529,78,4,39,57,-,225,79,-,8,36,3
S01003096,Kingspark South,435,57,1,40,54,6,160,55,2,2,55,3
S01003097,Crookston South,134,11,-,8,44,-,35,11,-,1,23,1
S01003098,Cathcart,839,66,5,180,117,6,318,44,-,13,86,4
S01003099,Nitshill,301,54,-,4,82,3,76,34,-,1,47,-
S01003100,Newlands,469,57,3,29,96,6,153,35,1,8,79,2
S01003101,Crookston South,289,45,-,7,77,-,75,25,-,5,54,1
S01003102,Kingspark North,461,42,3,46,61,4,165,36,1,3,98,2
S01003103,Kingspark North,473,42,2,49,65,2,194,33,-,5,79,2
S01003104,Pollokshaws,430,47,3,37,87,7,136,44,2,4,61,2
S01003105,Kingspark North,523,45,1,31,90,5,195,47,2,5,96,6
S01003106,Newlands,465,35,4,49,62,4,198,28,-,12,68,5
S01003107,Crookston South,424,46,1,3,129,6,101,35,-,4,99,-
S01003108,Cathcart,483,48,-,63,117,6,159,17,-,5,67,1
S01003109,Merrylee and Millbrae,652,55,3,108,54,3,255,50,-,10,111,3
S01003110,Merrylee and Millbrae,533,52,1,71,42,2,222,60,-,12,70,1
S01003111,Nitshill,420,59,-,4,99,8,113,36,-,3,97,1
S01003112,Cathcart,667,50,1,81,95,4,265,48,2,4,116,1
S01003113,Kingspark North,496,23,3,39,79,12,190,48,1,7,91,3
S01003114,Mount Florida,537,50,3,30,97,8,198,44,2,-,104,1
S01003115,Pollokshaws,739,78,-,106,132,3,259,44,1,13,97,6
S01003116,Cathcart,579,47,4,94,127,1,196,23,1,8,77,1
S01003117,Battlefield,535,42,1,54,131,1,172,13,2,12,102,5
S01003118,Pollokshaws,269,52,-,16,71,3,45,14,-,-,67,1
S01003119,Kingspark North,437,41,1,24,93,8,137,47,-,4,79,3
S01003120,Pollok South and West,1149,108,13,34,170,8,559,191,-,7,54,5
S01003121,Crookston South,470,63,1,8,151,7,103,41,-,2,93,1
S01003122,Toryglen and Oatlands,408,31,1,20,82,8,133,48,-,-,84,1
S01003123,Pollok South and West,547,60,4,5,108,6,261,71,2,4,23,3
S01003124,Battlefield,656,54,4,105,124,2,229,34,-,17,83,4
S01003125,Langside,645,70,4,56,182,4,198,18,-,20,89,4
S01003126,Pollokshaws,51,2,2,4,15,-,17,2,-,-,9,-
S01003127,Kingspark North,530,37,-,22,138,6,179,47,-,5,95,1
S01003128,Mount Florida,397,24,-,98,59,4,145,10,3,10,43,1
S01003129,Langside,790,94,7,82,123,7,324,28,4,19,96,6
S01003130,Mount Florida,550,36,3,116,71,1,205,30,2,6,78,2
S01003131,Battlefield,669,71,5,80,154,3,204,28,1,26,90,7
S01003132,Pollokshaws,429,57,2,34,114,1,121,20,-,8,70,2
S01003133,Langside,911,64,9,102,107,6,417,40,2,22,136,6
S01003134,Toryglen and Oatlands,402,49,2,15,130,3,98,22,-,2,81,-
S01003135,Toryglen and Oatlands,436,28,-,8,111,3,150,25,-,3,106,2
S01003136,Mount Florida,751,67,5,186,113,3,208,32,-,20,109,8
S01003137,Shawlands East,537,66,3,40,135,-,178,17,1,8,86,3
S01003138,Pollokshaws,527,70,4,61,95,4,168,23,1,9,89,3
S01003139,Shawlands West,782,77,9,122,161,4,297,29,1,16,59,7
S01003140,Crookston South,530,69,3,10,145,6,115,62,-,2,118,-
S01003141,Langside,614,49,7,47,157,7,241,14,-,29,58,5
S01003142,Toryglen and Oatlands,500,66,5,20,143,1,143,32,1,2,84,3
S01003143,Mount Florida,571,67,3,111,73,3,194,32,2,13,68,5
S01003144,Crookston North,482,66,3,6,102,5,173,36,2,5,82,2
S01003145,Carmyle and Mount Vernon South,296,33,1,27,50,6,110,27,-,1,40,1
S01003146,Shawlands East,524,29,7,59,167,5,158,16,-,25,55,3
S01003147,Crookston North,457,51,5,7,80,7,157,48,1,9,89,3
S01003148,Carmyle and Mount Vernon South,416,29,2,47,95,3,147,38,2,3,50,-
S01003149,Shawlands East,588,67,9,38,164,1,183,31,1,12,75,7
S01003150,Toryglen and Oatlands,355,47,1,11,117,4,62,27,1,-,82,3
S01003151,Shettleston South,497,37,-,37,67,6,227,54,1,3,62,3
S01003152,Battlefield,440,77,2,47,61,4,129,24,1,8,86,1
S01003153,Maxwell Park,486,60,5,83,40,2,170,30,1,15,80,-
S01003154,Shawlands East,709,77,6,52,181,1,222,25,1,15,125,4
S01003155,Pollok South and West,1117,93,5,28,154,2,566,186,1,15,63,4
S01003156,Battlefield,598,60,5,60,148,2,187,28,1,16,86,5
S01003157,Shawlands West,686,77,7,91,181,5,176,28,-,5,116,-
S01003158,Toryglen and Oatlands,321,57,-,12,115,1,49,21,-,4,62,-
S01003159,Toryglen and Oatlands,93,9,-,-,38,1,18,5,-,-,22,-
S01003160,Crookston North,357,55,1,3,68,7,105,40,1,1,72,4
S01003161,Crookston North,399,38,5,7,78,7,139,37,-,3,84,1
S01003162,Carmyle and Mount Vernon South,346,38,-,37,65,2,111,35,-,2,56,-
S01003163,Maxwell Park,486,54,4,109,35,4,170,24,-,13,71,2
S01003164,Battlefield,580,98,9,69,74,2,158,55,2,16,95,2
S01003165,Govanhill East and Aikenhead,537,68,3,80,108,8,136,26,1,7,99,1
S01003166,Shawlands West,499,44,4,69,141,4,158,11,2,14,48,4
S01003167,Pollok South and West,588,72,2,10,128,12,175,51,1,8,129,-
S01003168,Shawlands West,646,57,14,167,105,2,206,18,-,16,59,2
S01003169,Pollok South and West,1784,183,17,72,220,9,871,263,1,5,119,24
S01003170,Maxwell Park,610,95,11,68,47,6,221,59,-,7,92,4
S01003171,Maxwell Park,487,71,11,39,27,1,219,71,-,7,34,7
S01003172,Strathbungo,508,71,5,69,119,1,94,24,1,22,100,2
S01003173,Strathbungo,420,41,7,84,83,2,99,14,1,17,69,3
S01003174,Govanhill West,511,76,3,60,108,6,90,27,-,14,125,2
S01003175,Govanhill East and Aikenhead,424,57,4,42,114,2,77,18,-,13,93,4
S01003176,Strathbungo,615,99,7,106,135,4,163,18,1,22,55,5
S01003177,Strathbungo,634,67,11,67,89,4,207,34,1,27,117,10
S01003178,Mosspark,532,61,5,41,94,4,180,74,1,5,65,2
S01003179,Govanhill West,457,117,2,30,99,5,80,27,1,8,86,2
S01003180,Shettleston South,533,45,-,35,126,7,236,56,-,1,27,-
S01003181,Pollok North and East,514,86,5,9,116,4,126,44,-,5,117,2
S01003182,Pollok North and East,456,62,2,4,112,10,121,40,1,3,96,5
S01003183,Strathbungo,475,68,3,56,126,3,105,13,-,15,81,5
S01003184,Pollok North and East,442,63,2,13,98,7,112,36,2,6,99,4
S01003185,Govanhill East and Aikenhead,318,80,2,11,59,3,70,14,-,2,77,-
S01003186,Maxwell Park,596,84,8,100,26,3,243,50,-,10,67,5
S01003187,Strathbungo,786,101,9,99,133,-,229,38,3,41,125,8
S01003188,Govanhill West,625,77,12,58,137,3,115,36,2,9,174,2
S01003189,Govanhill West,558,88,6,56,140,3,106,29,-,18,112,-
S01003190,Govanhill East and Aikenhead,406,59,3,28,102,1,85,29,1,4,92,2
S01003191,Govanhill West,308,59,-,10,90,1,56,16,1,2,70,3
S01003192,Strathbungo,556,81,8,64,164,2,115,16,2,12,90,2
S01003193,Baillieston East,1327,139,2,79,193,5,613,196,-,6,81,13
S01003194,Braidfauld,377,50,-,8,74,2,106,36,-,2,97,2
S01003195,Carmyle and Mount Vernon South,442,32,1,31,69,4,214,47,-,2,40,2
S01003196,Maxwell Park,647,103,8,72,36,1,280,89,-,7,44,7
S01003197,Mount Vernon North and Sandyhills,529,48,1,51,55,6,259,43,-,2,62,2
S01003198,Govanhill East and Aikenhead,529,124,-,10,107,5,121,33,1,5,122,1
S01003199,Shettleston South,666,54,-,40,157,10,297,59,1,1,44,3
S01003200,Govanhill West,414,67,1,9,134,3,93,13,2,4,79,9
S01003201,Dalmarnock,135,18,2,4,46,1,32,7,1,2,22,-
S01003202,Toryglen and Oatlands,516,88,3,13,105,9,125,35,1,8,122,7
S01003203,Mosspark,482,49,3,51,55,7,176,45,3,8,85,-
S01003204,Pollok North and East,609,75,3,33,121,9,161,62,-,6,134,5
S01003205,Dalmarnock,392,38,4,26,86,5,100,22,-,6,102,3
S01003206,Govanhill West,436,46,3,18,139,7,102,20,1,3,93,4
S01003207,Pollokshields East,552,110,11,80,73,3,121,43,2,15,90,4
S01003208,Braidfauld,683,99,6,21,177,9,186,59,-,6,119,1
S01003209,Mosspark,363,27,8,17,66,1,150,25,1,7,59,2
S01003210,Maxwell Park,593,99,22,80,28,4,197,47,1,10,99,6
S01003211,Pollokshields East,561,123,12,65,45,4,124,63,-,14,109,2
S01003212,Mount Vernon North and Sandyhills,489,48,1,70,37,1,226,44,-,7,51,4
S01003213,Braidfauld,313,21,-,7,89,1,97,39,-,2,53,4
S01003214,Baillieston West,375,42,-,34,63,5,138,39,1,1,51,1
S01003215,Pollok North and East,546,61,1,20,112,8,174,48,1,1,118,2
S01003216,Cardonald West and Central,392,35,1,41,58,3,153,50,-,3,45,3
S01003217,Dalmarnock,323,48,-,23,85,5,68,22,-,3,68,1
S01003218,Cardonald South and East,432,44,4,26,86,2,153,37,1,6,70,3
S01003219,Mosspark,457,38,12,20,97,6,166,31,-,8,79,-
S01003220,Pollokshields East,507,93,31,58,49,6,119,51,-,9,90,1
S01003221,Cardonald South and East,506,61,5,22,116,5,119,35,-,4,136,3
S01003222,Pollokshields East,526,119,15,61,60,6,105,43,1,14,99,3
S01003223,Braidfauld,454,69,-,14,144,3,116,23,2,-,83,-
S01003224,Mount Vernon North and Sandyhills,383,40,-,21,65,3,181,34,-,4,32,3
S01003225,Gorbals and Hutchesontown,267,28,3,7,83,2,53,14,-,3,71,3
S01003226,Braidfauld,392,49,4,7,110,11,100,34,-,-,77,-
S01003227,Pollokshields East,1155,182,30,103,218,5,336,75,-,21,175,10
S01003228,Braidfauld,738,92,2,30,146,8,250,70,1,2,129,8
S01003229,Pollokshields West,628,116,27,52,30,1,234,80,-,11,73,4
S01003230,Mosspark,539,37,11,20,109,7,194,45,-,5,110,1
S01003231,Baillieston West,459,47,-,48,83,8,166,36,-,-,69,2
S01003232,Laurieston and Tradeston,545,55,6,25,161,-,127,37,2,8,121,3
S01003233,Mount Vernon North and Sandyhills,619,54,3,63,52,12,305,61,-,1,62,6
S01003234,Pollokshields West,560,70,49,28,40,4,228,57,1,14,62,7
S01003235,Shettleston South,478,47,-,27,81,10,196,48,-,2,66,1
S01003236,Pollokshields West,440,62,41,36,44,3,115,49,1,5,82,2
S01003237,Baillieston West,483,55,2,37,82,5,157,37,2,1,103,2
S01003238,Cardonald West and Central,474,38,3,47,78,5,163,36,1,6,97,-
S01003239,Cardonald South and East,598,67,6,19,124,3,185,51,-,5,136,2
S01003240,Cardonald West and Central,505,42,4,39,75,2,201,41,-,6,92,3
S01003241,Shettleston South,479,26,3,39,60,6,228,64,-,2,50,1
S01003242,Kingston West and Dumbreck,613,69,25,44,77,-,228,76,-,19,72,3
S01003243,Cardonald West and Central,520,53,3,17,93,8,191,40,1,3,109,2
S01003244,Baillieston East,461,45,1,48,81,7,137,56,-,3,80,3
S01003245,Gorbals and Hutchesontown,573,69,18,27,129,4,114,25,-,7,172,8
S01003246,Shettleston North,338,41,2,30,80,9,96,25,-,3,51,1
S01003247,Parkhead East and Braidfauld North,464,53,-,16,147,3,105,42,1,2,92,3
S01003248,"Calton, Galllowgate and Bridgeton",649,74,4,84,113,2,176,41,-,10,142,3
S01003249,Parkhead East and Braidfauld North,452,28,-,19,142,5,157,27,1,6,64,3
S01003250,Mosspark,345,35,4,15,67,2,110,46,1,8,56,1
S01003251,Dalmarnock,383,61,1,19,106,6,59,17,-,7,102,5
S01003252,Baillieston West,339,23,1,43,27,8,157,28,1,1,46,4
S01003253,Parkhead West and Barrowfield,470,80,-,15,144,3,88,32,-,2,104,2
S01003254,Dalmarnock,253,30,-,22,68,4,29,18,1,1,79,1
S01003255,Cardonald South and East,458,57,5,16,118,3,150,39,1,-,68,1
S01003256,Pollokshields West,861,192,102,46,137,7,142,41,2,3,185,4
S01003257,Pollokshields West,486,77,27,31,36,1,167,54,1,7,81,4
S01003258,Baillieston West,480,50,1,64,50,2,215,47,-,-,49,2
S01003259,Baillieston East,845,76,7,90,98,5,352,91,-,2,117,7
S01003260,Mount Vernon North and Sandyhills,443,45,-,42,61,5,193,46,1,1,44,5
S01003261,Cardonald West and Central,498,43,1,28,77,1,239,53,2,4,48,2
S01003262,Tollcross,436,51,-,40,92,8,117,32,-,6,87,3
S01003263,Parkhead West and Barrowfield,560,83,8,61,113,5,109,41,1,11,125,3
S01003264,Mosspark,353,44,7,19,93,1,107,25,-,3,54,-
S01003265,Cardonald West and Central,340,35,1,12,75,1,109,38,-,3,65,1
S01003266,Tollcross,367,33,1,18,65,4,119,48,1,2,72,4
S01003267,Shettleston North,450,43,1,45,79,6,159,35,-,-,80,2
S01003268,Gorbals and Hutchesontown,1183,121,42,40,191,5,299,48,2,23,402,10
S01003269,Parkhead East and Braidfauld North,512,47,-,27,168,3,130,43,-,5,88,1
S01003270,"Calton, Galllowgate and Bridgeton",412,50,3,51,77,3,81,13,-,12,120,2
S01003271,"Calton, Galllowgate and Bridgeton",1321,168,16,153,197,11,352,46,3,20,344,11
S01003272,Gorbals and Hutchesontown,978,141,22,46,169,9,252,37,2,20,270,10
S01003273,Parkhead West and Barrowfield,318,53,-,2,119,3,60,16,1,1,63,-
S01003274,Laurieston and Tradeston,242,30,6,7,77,3,43,12,1,2,60,1
S01003275,Shettleston North,513,54,-,64,111,5,155,47,-,1,76,-
S01003276,Garrowhill West,497,46,2,93,35,4,191,43,-,3,78,2
S01003277,Baillieston East,351,16,-,40,54,5,157,24,-,1,53,1
S01003278,Cardonald North,504,42,4,12,108,5,187,41,1,7,94,3
S01003279,Parkhead West and Barrowfield,206,26,1,4,40,8,38,17,-,-,71,1
S01003280,Kingston West and Dumbreck,532,63,36,35,62,6,193,73,-,10,50,4
S01003281,Tollcross,302,40,1,24,50,4,90,38,-,-,54,1
S01003282,Cardonald West and Central,507,57,10,18,80,4,202,43,2,2,87,2
S01003283,Garrowhill West,454,36,1,60,47,2,199,24,-,1,83,1
S01003284,Craigton,492,46,4,4,123,4,182,32,-,14,83,-
S01003285,Gorbals and Hutchesontown,318,53,6,9,25,6,45,4,-,5,161,4
S01003286,Kingston West and Dumbreck,512,52,40,24,71,2,165,44,-,8,103,3
S01003287,Cardonald North,391,102,-,7,71,2,62,15,-,-,131,1
S01003288,Garrowhill West,449,40,1,73,23,5,191,27,-,4,84,1
S01003289,Parkhead East and Braidfauld North,230,33,-,11,79,3,56,14,-,2,30,2
S01003290,Tollcross,486,47,1,43,96,4,145,42,1,1,104,2
S01003291,Penilee,334,63,-,7,89,4,77,22,1,2,65,4
S01003292,Garrowhill West,473,43,1,67,47,3,173,43,1,3,88,4
S01003293,Shettleston North,397,61,1,29,86,3,86,28,-,1,99,3
S01003294,Craigton,362,54,5,12,108,1,99,22,1,5,51,4
S01003295,Greenfield,625,58,-,47,116,13,286,61,-,1,39,4
S01003296,Parkhead West and Barrowfield,411,79,2,6,133,4,65,37,1,4,77,3
S01003297,Gorbals and Hutchesontown,250,39,9,20,55,2,45,7,1,1,71,-
S01003298,Hillington,617,66,6,15,136,6,224,54,-,1,105,4
S01003299,Parkhead East and Braidfauld North,257,40,-,3,83,3,49,25,-,-,53,1
S01003300,Baillieston East,567,49,1,69,70,5,235,30,-,9,98,1
S01003301,Tollcross,431,58,2,30,94,4,111,40,-,6,83,3
S01003302,Laurieston and Tradeston,347,64,4,9,97,-,47,16,-,7,97,6
S01003303,Laurieston and Tradeston,1953,345,104,113,186,9,337,29,1,17,789,23
S01003304,Kingston West and Dumbreck,495,82,94,16,76,4,89,22,3,20,88,1
S01003305,Shettleston North,511,62,1,94,60,4,172,42,-,-,74,2
S01003306,Craigton,472,50,9,15,132,5,146,31,1,1,81,1
S01003307,Cardonald North,557,59,4,25,100,8,205,48,2,4,100,2
S01003308,Penilee,479,53,1,14,110,7,140,57,2,3,87,5
S01003309,Old Shettleston and Parkhead North,474,58,3,32,102,4,105,40,-,4,125,1
S01003310,Cardonald North,378,28,2,25,62,1,152,37,1,3,64,3
S01003311,Garrowhill West,467,38,2,82,31,5,212,23,2,1,68,3
S01003312,Penilee,336,35,-,11,73,4,98,34,-,1,79,1
S01003313,Parkhead West and Barrowfield,586,73,1,55,114,9,147,32,-,4,150,1
S01003314,Parkhead West and Barrowfield,336,60,1,11,115,1,62,15,-,1,68,2
S01003315,Kinning Park and Festival Park,470,56,58,15,82,4,124,27,-,7,96,1
S01003316,Ibrox East and Cessnock,390,50,60,24,69,-,86,24,-,9,65,3
S01003317,Barlanark,448,51,-,59,73,9,160,20,-,4,71,1
S01003318,Garrowhill East and Swinton,470,55,-,55,24,5,211,46,-,3,64,7
S01003320,Kinning Park and Festival Park,400,62,69,14,81,2,82,14,-,3,71,2
S01003321,Garrowhill East and Swinton,409,37,-,61,25,2,185,32,-,-,63,4
S01003322,Ibrox East and Cessnock,487,66,80,22,122,2,102,20,-,5,66,2
S01003323,Garrowhill West,528,36,1,127,35,6,209,38,1,1,72,2
S01003324,Ibrox East and Cessnock,283,45,57,9,46,1,66,8,1,6,43,1
S01003325,Hillington,562,52,5,46,83,6,189,43,1,6,128,3
S01003326,Cardonald North,424,72,7,34,80,3,106,39,-,2,78,3
S01003327,Kinning Park and Festival Park,388,70,64,7,73,1,66,17,2,10,78,-
S01003328,"Calton, Galllowgate and Bridgeton",868,105,24,70,54,5,141,18,-,8,432,11
S01003329,Greenfield,486,54,2,64,67,12,164,58,1,3,57,4
S01003330,Garrowhill East and Swinton,765,68,2,140,40,5,329,77,-,3,99,2
S01003331,"Calton, Galllowgate and Bridgeton",273,22,1,16,71,4,61,17,-,9,72,-
S01003332,Barlanark,198,23,2,20,36,-,57,16,1,-,42,1
S01003333,"Calton, Galllowgate and Bridgeton",535,56,4,17,118,8,99,39,-,7,185,2
S01003334,Penilee,595,51,-,25,134,7,185,53,2,6,126,6
S01003335,"Calton, Galllowgate and Bridgeton",473,37,13,32,42,1,94,10,1,12,220,11
S01003336,Greenfield,456,58,2,38,60,3,131,40,1,1,121,1
S01003337,Old Shettleston and Parkhead North,759,93,5,48,166,9,238,82,1,5,108,4
S01003338,Kinning Park and Festival Park,573,63,47,14,109,9,175,35,1,4,111,5
S01003339,Hillington,485,45,5,54,71,10,162,39,3,7,86,3
S01003340,Greenfield,494,44,4,59,55,9,156,59,-,2,100,6
S01003341,Garrowhill East and Swinton,760,69,2,143,34,3,317,78,-,4,106,4
S01003342,Gallowgate North and Bellgrove,389,76,1,25,88,4,58,16,-,2,117,2
S01003343,Barlanark,425,46,1,48,79,8,90,34,1,2,114,2
S01003344,Penilee,304,36,1,7,55,7,115,45,1,4,32,1
S01003345,Hillington,572,59,2,61,109,6,202,48,2,6,75,2
S01003346,Craigton,477,51,16,12,97,5,120,53,1,7,111,4
S01003347,Carntyne West and Haghill,416,80,-,15,114,4,66,17,-,5,111,4
S01003348,Kinning Park and Festival Park,752,71,39,13,112,6,248,34,-,17,206,6
S01003349,Drumoyne and Shieldhall,873,96,38,35,165,10,266,106,1,2,150,4
S01003350,Penilee,553,75,-,29,91,8,188,62,-,6,92,2
S01003351,Ibrox East and Cessnock,602,69,102,16,113,5,106,37,-,6,148,-
S01003352,Barlanark,624,70,1,35,139,7,196,49,-,3,118,6
S01003353,Carntyne West and Haghill,366,49,1,41,106,3,54,9,2,3,97,1
S01003354,Old Shettleston and Parkhead North,259,38,-,16,43,4,68,35,-,3,51,1
S01003355,Gallowgate North and Bellgrove,588,63,6,82,98,5,124,37,-,12,156,5
S01003356,Gallowgate North and Bellgrove,463,46,4,60,91,2,90,30,-,5,132,3
S01003357,Ibrox,170,38,18,4,33,4,21,10,1,3,38,-
S01003358,City Centre East,1567,170,66,138,101,4,157,16,2,23,876,14
S01003359,Garrowhill East and Swinton,780,71,1,130,33,3,362,90,-,3,82,5
S01003360,Barlanark,485,42,2,44,65,3,189,75,-,2,61,2
S01003361,Greenfield,339,36,-,27,68,2,97,22,1,-,85,1
S01003362,Penilee,377,30,-,34,85,7,102,53,1,3,59,3
S01003363,Greenfield,388,51,-,30,58,3,118,46,-,9,73,-
S01003364,Govan and Linthouse,398,59,47,6,75,2,90,31,1,5,78,4
S01003365,Ibrox,409,54,74,18,76,4,63,29,-,8,81,2
S01003366,City Centre East,661,107,19,51,30,2,52,10,1,7,377,5
S01003367,Govan and Linthouse,588,113,77,21,115,7,82,41,1,7,122,2
S01003368,Gallowgate North and Bellgrove,2067,290,239,110,120,4,142,14,2,9,1131,6
S01003369,Old Shettleston and Parkhead North,255,22,-,14,54,1,82,27,1,5,49,-
S01003370,Dennistoun,632,61,10,64,112,3,118,16,-,17,226,5
S01003371,Dennistoun,487,43,4,83,117,6,95,10,3,15,109,2
S01003372,"Cranhill, Lightburn and Queenslie South",435,63,-,40,68,8,109,69,1,2,74,1
S01003373,City Centre West,1688,194,58,153,141,3,216,16,-,9,882,16
S01003374,Barlanark,266,56,1,8,74,2,42,20,-,1,59,3
S01003375,Drumoyne and Shieldhall,591,58,22,15,110,2,217,58,-,4,101,4
S01003376,Barlanark,285,35,-,11,84,4,58,27,-,1,62,3
S01003377,"Cranhill, Lightburn and Queenslie South",351,36,-,16,57,10,107,40,2,2,78,3
S01003378,Carntyne West and Haghill,462,71,1,17,125,8,88,26,-,1,123,2
S01003379,North Barlanark and Easterhouse South,343,57,1,9,105,5,48,19,-,1,97,1
S01003380,Dennistoun,1003,87,10,143,152,6,224,46,1,27,302,5
S01003381,Carntyne West and Haghill,448,40,1,8,105,2,174,59,-,1,55,3
S01003382,Anderston,1194,140,1,71,87,10,321,55,2,14,475,18
S01003383,"Cranhill, Lightburn and Queenslie South",462,43,1,19,96,6,157,70,-,-,69,1
S01003384,Drumoyne and Shieldhall,495,40,47,6,73,7,165,36,1,11,106,3
S01003385,Dennistoun,623,58,8,71,132,4,144,14,2,27,163,-
S01003386,Drumoyne and Shieldhall,329,51,12,8,59,3,109,19,-,4,63,1
S01003387,Carntyne West and Haghill,508,65,2,48,121,8,106,25,1,18,111,3
S01003388,Ibrox,476,74,74,7,96,4,104,24,1,3,89,-
S01003389,Carntyne West and Haghill,630,109,3,43,190,9,98,20,1,14,142,1
S01003390,North Barlanark and Easterhouse South,683,111,-,22,181,6,145,62,1,1,151,3
S01003391,Dennistoun,389,60,2,38,74,5,61,14,-,3,132,-
S01003392,Dennistoun North and Alexandra Parade,602,69,5,76,148,3,140,18,-,18,124,1
S01003393,Carntyne,386,42,1,9,93,9,114,43,-,2,68,5
S01003394,Easterhouse East,373,49,2,22,85,2,103,34,-,2,74,-
S01003395,Dennistoun North and Alexandra Parade,473,46,1,43,91,4,112,20,-,21,133,2
S01003396,Govan and Linthouse,465,65,74,8,107,4,89,28,2,8,79,1
S01003397,North Barlanark and Easterhouse South,578,81,-,17,164,14,126,52,3,5,114,2
S01003398,Easterhouse East,490,50,-,54,107,7,123,41,1,5,102,-
S01003399,City Centre East,1636,363,31,80,97,4,98,19,4,11,916,13
S01003400,Carntyne,342,18,1,7,73,9,135,39,1,3,53,3
S01003401,"Cranhill, Lightburn and Queenslie South",402,68,-,10,100,8,66,23,-,4,116,7
S01003402,Central Easterhouse,509,84,-,30,107,4,105,39,-,2,136,2
S01003403,Finnieston and Kelvinhaugh,883,106,7,65,92,6,163,25,1,24,386,8
S01003404,"Cranhill, Lightburn and Queenslie South",245,27,-,9,71,5,58,21,-,2,51,1
S01003405,Easterhouse East,427,55,1,26,80,6,147,48,-,1,61,2
S01003406,Dennistoun North and Alexandra Parade,450,58,5,70,101,4,89,15,1,4,99,4
S01003407,Carntyne,437,45,1,20,128,-,146,38,2,2,54,1
S01003408,Anderston,412,86,1,32,60,4,62,15,1,2,148,1
S01003409,Dennistoun North and Alexandra Parade,1145,130,12,64,193,10,294,25,1,24,384,8
S01003410,City Centre West,1228,166,41,80,89,2,102,14,2,24,702,6
S01003411,Drumoyne and Shieldhall,432,60,25,7,90,2,120,25,1,4,95,3
S01003412,Govan and Linthouse,486,67,49,8,89,3,137,32,1,5,92,3
S01003413,"Cranhill, Lightburn and Queenslie South",486,51,1,19,81,9,155,65,2,-,102,1
S01003414,Easterhouse East,219,31,1,8,59,3,51,15,-,1,50,-
S01003415,City Centre East,902,188,7,13,90,2,49,15,-,4,533,1
S01003416,City Centre East,381,59,6,16,50,2,56,10,-,7,175,-
S01003417,Dennistoun North and Alexandra Parade,637,60,3,44,176,4,150,19,1,14,165,1
S01003418,Govan and Linthouse,420,57,66,13,103,4,81,24,1,4,67,-
S01003419,Craigend and Ruchazie,480,82,-,9,134,5,86,30,-,4,129,1
S01003420,North Barlanark and Easterhouse South,205,24,-,5,65,4,37,17,-,1,49,3
S01003421,"Cranhill, Lightburn and Queenslie South",472,54,2,16,117,6,128,39,1,1,107,1
S01003422,Dennistoun North and Alexandra Parade,434,48,1,32,130,3,79,20,-,13,108,-
S01003423,Anderston,647,58,3,47,54,5,99,15,-,7,356,3
S01003424,Drumoyne and Shieldhall,536,62,37,13,137,5,125,26,3,2,122,4
S01003425,Finnieston and Kelvinhaugh,661,76,4,57,56,3,116,23,-,14,310,2
S01003426,Dennistoun North and Alexandra Parade,608,70,9,75,134,8,151,30,-,17,110,4
S01003427,Carntyne,462,48,-,13,129,6,137,41,-,3,81,4
S01003428,"Cranhill, Lightburn and Queenslie South",438,65,1,11,106,7,88,35,-,4,120,1
S01003429,Finnieston and Kelvinhaugh,1391,225,12,28,90,5,143,19,-,26,841,2
S01003430,Anderston,628,71,6,36,48,2,84,16,-,15,347,3
S01003431,Riddrie and Hogganfield,289,33,-,8,71,2,108,29,-,-,37,1
S01003432,Finnieston and Kelvinhaugh,763,72,13,41,50,2,118,17,1,31,416,2
S01003433,City Centre West,1006,149,12,53,58,2,79,27,-,21,598,7
S01003434,Central Easterhouse,386,44,1,15,103,3,95,24,-,1,100,-
S01003435,Central Easterhouse,392,40,1,8,102,5,83,37,-,-,113,3
S01003436,Drumoyne and Shieldhall,390,19,13,19,45,5,139,64,1,4,79,2
S01003437,Finnieston and Kelvinhaugh,703,83,16,26,61,2,129,22,-,26,332,6
S01003438,Finnieston and Kelvinhaugh,1237,190,39,41,105,9,168,21,1,36,617,10
S01003439,City Centre East,555,80,20,17,61,1,91,12,-,8,263,2
S01003440,Riddrie and Hogganfield,263,35,-,8,56,3,81,23,-,2,54,1
S01003441,Govan and Linthouse,791,103,120,20,158,4,167,42,2,8,165,2
S01003442,"Roystonhill, Blochairn, and Provanmill",584,118,3,12,128,3,85,48,-,5,180,2
S01003443,"Roystonhill, Blochairn, and Provanmill",463,83,4,10,146,4,61,19,-,4,132,-
S01003444,"Garthamlock, Auchinlea and Gartloch",365,70,1,5,128,3,54,27,-,-,74,3
S01003445,"Roystonhill, Blochairn, and Provanmill",643,112,2,7,156,2,108,41,-,5,205,5
S01003446,City Centre West,349,58,20,18,34,-,36,4,-,11,165,3
S01003447,City Centre East,2148,336,151,99,137,3,35,13,-,9,1363,2
S01003448,Riddrie and Hogganfield,353,42,-,7,82,7,111,33,1,3,64,3
S01003449,City Centre West,659,93,15,36,44,2,89,8,-,10,358,4
S01003450,Finnieston and Kelvinhaugh,664,86,15,24,104,1,121,11,1,24,272,5
S01003451,Hillhead,693,82,82,87,54,1,151,15,-,16,201,4
S01003452,Riddrie and Hogganfield,427,62,2,8,91,7,116,54,-,1,74,12
S01003453,Woodlands,1061,140,23,45,52,10,271,31,2,28,445,14
S01003454,Woodlands,494,79,14,19,42,4,66,15,-,10,243,2
S01003455,Craigend and Ruchazie,372,58,-,3,128,8,80,30,-,3,61,1
S01003456,Central Easterhouse,115,16,3,2,31,2,25,13,1,-,22,-
S01003457,"Roystonhill, Blochairn, and Provanmill",493,93,1,11,171,3,68,10,2,13,120,1
S01003458,"Roystonhill, Blochairn, and Provanmill",601,84,1,13,132,7,166,72,-,2,120,4
S01003459,Craigend and Ruchazie,512,76,-,3,143,7,148,58,-,2,74,1
S01003460,Hillhead,835,91,124,38,53,7,203,24,-,19,268,8
S01003461,Riddrie and Hogganfield,414,31,-,10,84,3,166,58,1,1,57,3
S01003462,"Garthamlock, Auchinlea and Gartloch",304,46,1,10,88,1,64,34,-,1,59,-
S01003463,Sighthill,356,84,-,9,88,-,31,18,-,6,119,1
S01003464,Woodlands,809,122,59,27,43,3,112,12,1,25,402,3
S01003465,Glasgow Harbour and  Partick South,2098,227,213,202,204,12,766,71,4,54,326,19
S01003466,Hillhead,516,59,70,55,57,4,97,10,4,10,147,3
S01003467,Craigend and Ruchazie,361,45,-,5,104,3,121,32,1,2,48,-
S01003468,Woodlands,665,86,35,24,44,6,75,21,1,19,353,1
S01003469,Glasgow Harbour and  Partick South,641,70,71,76,82,2,125,18,1,16,178,2
S01003470,Hillhead,907,84,123,39,73,3,131,15,-,17,418,4
S01003471,Riddrie and Hogganfield,406,71,-,10,116,4,78,33,3,3,86,2
S01003472,Sighthill,463,96,-,18,127,4,58,16,-,3,140,1
S01003473,Woodside,586,77,50,24,72,2,96,20,-,10,234,1
S01003474,Woodlands,584,87,22,14,33,4,60,11,-,20,332,1
S01003475,Woodside,528,89,58,27,52,6,79,22,-,10,184,1
S01003476,"Garthamlock, Auchinlea and Gartloch",852,87,3,14,208,10,338,96,2,4,88,2
S01003477,Glasgow Harbour and  Partick South,855,68,111,142,97,3,200,29,-,19,181,5
S01003478,Hillhead,618,60,80,40,37,5,110,20,-,16,248,2
S01003479,Hillhead,619,72,83,59,48,1,115,8,-,19,212,2
S01003480,Whiteinch,470,52,14,26,110,6,141,26,1,7,84,3
S01003481,Partick,683,89,80,85,57,6,131,11,1,27,192,4
S01003482,Firhill,306,54,25,12,47,1,40,7,1,2,116,1
S01003483,Craigend and Ruchazie,284,43,1,6,77,3,92,29,1,3,28,1
S01003484,Kelvingrove and University,971,163,99,18,49,7,100,15,-,28,489,3
S01003485,Woodlands,762,105,63,23,33,7,119,11,-,36,363,2
S01003486,Riddrie and Hogganfield,559,77,2,8,158,13,105,73,1,2,118,2
S01003487,Woodlands,860,128,65,20,45,3,90,12,2,28,463,4
S01003488,"Roystonhill, Blochairn, and Provanmill",285,38,-,9,72,1,85,24,-,1,52,3
S01003489,Blackhill and Barmulloch East,755,102,2,10,184,12,241,87,2,3,110,2
S01003490,Woodside,326,46,47,9,46,3,56,12,-,3,102,2
S01003491,Sighthill,36,4,-,3,13,-,3,2,1,-,10,-
S01003492,Cowlairs and Port Dundas,737,111,14,28,141,4,171,23,3,11,227,4
S01003493,Whiteinch,480,45,12,16,139,2,142,27,1,12,82,2
S01003494,Woodside,455,49,30,15,62,-,99,13,2,14,171,-
S01003495,Sighthill,567,93,-,30,136,5,166,54,1,2,79,1
S01003496,Partick,745,60,100,118,52,5,196,21,1,26,159,7
S01003497,Kelvingrove and University,726,68,123,43,39,3,165,12,-,13,251,9
S01003498,Broomhill,597,75,29,41,87,3,186,33,1,13,127,2
S01003499,Partick,709,51,65,86,65,1,204,21,1,42,170,3
S01003500,Firhill,345,87,20,15,74,3,33,19,-,3,91,-
S01003501,Kelvingrove and University,614,102,56,17,37,1,83,11,-,15,292,-
S01003502,"Garthamlock, Auchinlea and Gartloch",1355,153,3,86,177,21,616,178,1,9,103,8
S01003503,Hillhead,549,63,66,38,33,1,140,18,-,11,177,2
S01003504,Kelvingrove and University,772,111,64,15,43,5,98,10,1,27,396,2
S01003506,Firhill,834,118,97,23,55,5,150,21,-,31,328,6
S01003507,Firhill,421,58,33,16,46,3,63,21,-,9,168,4
S01003508,Partick,414,40,36,40,64,2,104,17,-,10,100,1
S01003509,Kelvingrove and University,758,101,107,26,34,5,189,30,-,22,238,6
S01003510,Cowlairs and Port Dundas,265,31,1,7,65,1,76,21,-,4,57,2
S01003511,Partickhill and Hyndland,844,88,73,96,43,2,238,32,-,18,248,6
S01003512,Craigend and Ruchazie,267,34,1,3,80,5,85,25,-,-,34,-
S01003513,Kelvingrove and University,649,77,64,12,33,-,80,15,-,20,346,2
S01003514,Dowanhill,778,122,88,36,38,2,120,14,1,15,341,1
S01003515,Blackhill and Barmulloch East,309,45,-,-,81,6,79,23,2,1,72,-
S01003516,Blackhill and Barmulloch East,465,45,-,7,89,7,222,60,-,1,33,1
S01003517,Firhill,604,50,76,23,58,3,114,16,-,21,240,3
S01003518,Whiteinch,615,96,6,15,204,7,164,27,1,10,85,-
S01003519,Firhill,316,45,13,15,63,3,71,14,-,5,85,2
S01003520,Partickhill and Hyndland,492,49,47,32,41,2,122,17,1,9,168,4
S01003521,Kelvingrove and University,467,59,37,5,32,-,55,14,-,8,257,-
S01003522,Dowanhill,665,83,107,36,37,-,142,9,2,28,212,9
S01003523,Craigend and Ruchazie,348,26,-,12,76,4,126,51,-,-,52,1
S01003524,Broomhill,807,83,16,112,73,2,298,32,1,22,155,13
S01003525,Partickhill and Hyndland,819,83,33,164,45,1,251,29,-,26,186,1
S01003526,North Kelvin,816,96,97,24,40,2,166,17,1,23,345,5
S01003527,Victoria Park,614,47,9,50,40,1,243,36,1,24,160,3
S01003528,"Garthamlock, Auchinlea and Gartloch",385,51,-,4,92,4,135,57,-,-,39,3
S01003529,Petershill,407,37,2,35,66,10,138,74,-,3,41,1
S01003530,Firhill,683,49,78,28,61,6,156,20,-,25,252,8
S01003531,Scotstoun South and West,434,54,5,11,134,6,120,34,2,3,64,1
S01003532,Victoria Park,693,69,20,41,92,5,265,47,-,19,132,3
S01003533,Petershill,98,28,3,4,38,-,6,4,-,-,15,-
S01003534,Petershill,578,53,5,58,139,8,180,49,1,4,78,3
S01003535,Whiteinch,434,55,5,17,118,5,145,25,-,10,52,2
S01003536,Partickhill and Hyndland,788,84,20,145,33,2,240,36,-,27,191,10
S01003537,Firhill,493,59,40,10,64,7,121,18,-,21,153,-
S01003538,Blackhill and Barmulloch East,327,49,-,6,95,8,83,25,-,-,61,-
S01003539,Broomhill,694,72,10,131,32,4,242,28,-,30,138,7
S01003540,Keppochhill,204,17,4,5,62,3,66,7,-,2,38,-
S01003541,Petershill,498,86,-,15,157,1,48,32,-,4,154,1
S01003542,Dowanhill,560,65,54,34,42,4,183,39,1,14,114,10
S01003543,Keppochhill,407,59,6,5,130,2,80,31,1,3,88,2
S01003544,North Kelvin,404,38,42,12,22,3,98,17,1,29,140,2
S01003545,Dowanhill,597,53,78,23,42,-,201,22,-,19,149,10
S01003546,Cowlairs and Port Dundas,483,62,5,26,125,2,128,36,-,7,92,-
S01003547,North Kelvin,584,82,41,22,72,4,141,23,-,37,157,5
S01003549,Petershill,421,72,1,13,102,7,73,38,-,2,112,1
S01003550,Robroyston and Millerston,464,56,-,5,75,6,208,83,3,1,21,6
S01003551,Petershill,371,29,1,16,100,6,106,23,-,6,80,4
S01003552,Kelvinside and Jordanhill,845,97,23,217,21,1,262,32,3,32,152,5
S01003553,Keppochhill,311,69,2,5,75,6,62,18,-,2,72,-
S01003554,North Kelvin,563,62,59,27,41,1,137,18,-,21,188,9
S01003555,North Kelvin,588,83,58,13,46,1,149,25,-,34,171,8
S01003556,Scotstoun North and East,490,45,5,32,58,4,203,48,-,15,76,4
S01003557,Barmulloch,373,71,-,4,96,8,60,32,-,3,99,-
S01003558,Dowanhill,736,77,16,116,46,2,254,20,3,14,181,7
S01003559,Scotstoun North and East,688,70,5,36,116,3,275,48,2,32,96,5
S01003560,Broomhill,872,75,13,145,46,2,329,45,1,18,192,6
S01003561,Keppochhill,774,96,25,7,226,4,142,33,-,12,225,4
S01003562,Scotstoun South and West,353,46,4,15,127,5,91,13,-,5,44,3
S01003563,Barmulloch,280,30,2,4,92,4,59,30,-,-,58,1
S01003564,Keppochhill,358,50,6,5,129,2,54,19,-,1,92,-
S01003565,Springburn,419,66,1,15,82,4,97,44,-,2,105,3
S01003566,Ruchill,613,71,67,24,55,2,136,13,2,25,217,1
S01003567,Cowlairs and Port Dundas,528,107,-,10,156,-,85,43,3,2,121,1
S01003568,Kelvindale,485,51,27,18,47,2,184,42,1,19,89,5
S01003569,Victoria Park,458,61,4,47,34,1,158,23,1,10,117,2
S01003570,Scotstoun North and East,499,41,3,48,57,2,176,52,-,14,98,8
S01003571,Scotstoun South and West,562,79,3,31,179,4,157,41,-,7,59,2
S01003572,Springburn,546,92,-,19,141,6,101,31,-,5,149,2
S01003573,Springburn,472,45,-,17,99,5,146,36,2,3,116,3
S01003574,Ruchill,818,75,68,29,98,1,235,18,-,61,229,4
S01003575,Scotstoun North and East,490,73,3,30,130,1,123,47,1,8,70,4
S01003576,Kelvinside and Jordanhill,608,82,20,99,52,2,186,39,1,13,111,3
S01003577,Barmulloch,554,46,4,12,111,9,185,60,-,1,124,2
S01003578,Barmulloch,110,15,-,4,34,-,27,9,-,-,20,1
S01003579,Keppochhill,419,80,3,10,137,5,53,26,-,4,101,-
S01003580,Springburn East and Cowlairs,591,74,4,33,128,10,189,38,2,3,109,1
S01003581,Ruchill,1931,192,27,19,236,8,239,45,1,48,1110,6
S01003582,Possil Park,300,57,2,6,103,5,51,12,1,-,62,1
S01003583,Blackhill and Barmulloch East,276,32,1,1,77,5,70,36,-,2,50,2
S01003584,Scotstoun South and West,437,104,2,11,147,1,62,27,-,4,76,3
S01003585,Ruchill,439,44,18,23,96,5,103,10,1,17,120,2
S01003586,Scotstoun North and East,537,88,2,46,128,1,139,37,-,6,89,1
S01003587,Kelvinside and Jordanhill,801,77,3,113,31,3,260,49,-,17,242,6
S01003588,Robroyston and Millerston,465,44,2,19,97,11,233,38,-,2,15,4
S01003589,Kelvindale,1325,172,31,34,109,12,291,45,1,30,593,7
S01003590,Yoker South,511,62,-,18,189,6,137,27,-,9,61,2
S01003591,Kelvinside and Jordanhill,933,95,2,113,56,9,370,133,-,10,137,8
S01003592,Ruchill,899,123,5,18,209,13,247,62,1,19,195,7
S01003593,Scotstoun South and West,369,38,-,35,78,1,111,39,-,7,58,2
S01003594,Kelvindale,723,80,12,43,83,3,270,31,2,22,160,17
S01003595,Possil Park,438,86,3,14,120,6,81,48,3,9,68,-
S01003596,Wyndford,339,41,3,8,121,4,74,13,1,8,65,1
S01003597,Kelvinside and Jordanhill,408,49,3,41,36,2,158,30,-,6,82,1
S01003598,Barmulloch,361,40,-,5,95,7,99,42,-,1,71,1
S01003599,Possil Park,560,77,4,40,101,6,194,76,1,4,56,1
S01003600,Wyndford,404,40,3,7,124,2,95,30,-,7,94,2
S01003601,Springburn East and Cowlairs,492,56,6,15,169,3,83,32,2,3,122,1
S01003602,Balornock,330,42,1,2,90,3,102,25,1,-,63,1
S01003603,Knightswood East,407,57,-,50,78,3,101,34,-,5,79,-
S01003604,Ruchill,500,56,21,8,119,5,114,22,1,25,128,1
S01003605,Knightswood East,346,45,-,37,86,4,87,22,-,3,61,1
S01003606,Springburn,465,42,1,18,92,2,166,44,2,5,87,6
S01003607,Balornock,317,30,-,5,66,7,96,48,-,-,62,3
S01003608,Yoker South,316,35,1,44,55,2,91,32,-,1,54,1
S01003609,Kelvinside and Jordanhill,701,75,6,107,37,4,234,24,1,21,187,5
S01003610,Yoker South,668,88,5,20,199,2,202,52,1,12,83,4
S01003611,Springburn East and Cowlairs,363,45,-,16,92,2,89,22,1,1,91,4
S01003612,Anniesland East,456,40,7,75,59,3,174,11,-,4,83,-
S01003613,Robroyston and Millerston,1063,90,1,31,123,8,572,175,2,4,49,8
S01003614,Kelvinside and Jordanhill,326,19,-,27,34,2,141,25,-,12,66,-
S01003615,Yoker South,527,86,-,23,121,5,144,51,-,7,84,6
S01003616,Robroyston and Millerston,681,78,1,13,70,7,315,130,-,7,56,4
S01003617,Wyndford,381,68,2,9,154,6,52,19,-,3,67,1
S01003618,Knightswood Park East,476,56,1,47,60,5,181,52,-,4,68,2
S01003619,Wyndford,377,62,3,7,147,-,56,15,-,2,82,3
S01003620,Kelvindale,738,92,12,50,76,6,270,46,1,26,152,7
S01003621,Possil Park,384,46,1,31,89,5,121,36,-,1,54,-
S01003622,Knightswood East,428,38,3,68,67,5,148,32,1,9,56,1
S01003623,Kelvindale,619,72,19,62,63,3,216,39,-,21,124,-
S01003624,Possil Park,872,109,9,13,204,8,271,100,-,10,145,3
S01003625,Wyndford,215,22,3,5,57,1,68,20,-,4,35,-
S01003626,Robroyston and Millerston,511,52,-,13,65,6,266,82,-,-,25,2
S01003627,Springburn East and Cowlairs,298,58,-,12,87,5,55,18,-,3,57,3
S01003628,Balornock,355,39,1,2,95,8,100,39,1,1,68,1
S01003629,Possil Park,340,43,3,15,91,5,96,29,-,2,56,-
S01003630,Knightswood Park West,356,51,-,31,74,2,124,34,-,3,37,-
S01003631,Knightswood Park East,827,81,6,73,126,4,353,107,-,9,61,7
S01003632,Anniesland East,681,92,5,93,89,5,210,54,1,12,119,1
S01003633,Yoker South,875,69,2,49,201,5,377,80,4,8,70,10
S01003634,Balornock,522,68,-,10,143,9,126,64,-,3,98,1
S01003635,Anniesland East,343,29,2,80,57,1,102,7,-,13,52,-
S01003636,Milton West,432,43,1,14,106,6,139,54,-,3,66,-
S01003637,Anniesland West,608,65,6,74,78,5,237,31,-,12,94,6
S01003638,Kelvindale,522,45,3,62,53,2,212,23,-,19,97,6
S01003639,Knightswood West,381,50,-,35,77,-,124,30,1,7,53,4
S01003640,Milton West,559,46,-,23,164,10,177,54,-,5,76,4
S01003641,Robroyston and Millerston,568,49,-,8,85,3,273,88,-,2,57,3
S01003642,Knightswood East,440,35,3,48,71,3,171,54,1,1,51,2
S01003643,Maryhill West,491,48,3,18,121,6,161,52,2,9,67,4
S01003644,Springburn,499,68,2,17,121,6,152,41,-,-,82,10
S01003645,Knightswood Park West,277,18,1,29,44,4,104,32,1,3,41,-
S01003646,Knightswood Park East,464,85,1,18,191,3,40,35,-,5,85,1
S01003647,Anniesland West,428,64,1,38,71,2,153,38,-,8,51,2
S01003648,Anniesland West,569,59,1,91,91,3,178,26,1,14,102,3
S01003649,Springburn East and Cowlairs,599,61,1,23,136,6,229,75,1,2,62,3
S01003650,Maryhill West,434,73,4,17,119,3,110,35,-,5,67,1
S01003651,Knightswood Park East,344,40,4,23,77,4,113,32,-,1,49,1
S01003652,Maryhill East,412,41,-,17,125,5,103,40,-,12,64,5
S01003653,Milton West,381,55,1,4,128,1,95,31,-,2,64,-
S01003654,Yoker North,527,81,1,16,111,4,159,53,1,5,91,5
S01003655,Balornock,379,51,2,10,132,4,87,36,1,-,55,1
S01003656,Maryhill East,596,57,3,56,158,2,165,50,1,10,92,2
S01003657,Milton East,411,44,2,16,135,4,101,45,-,2,55,7
S01003658,Knightswood West,548,52,1,36,97,7,229,67,2,3,52,2
S01003659,Anniesland West,508,35,4,80,78,2,180,30,2,9,86,2
S01003660,Robroyston and Millerston,800,58,-,21,114,10,384,152,3,5,50,3
S01003661,Anniesland East,705,57,1,67,84,4,318,87,1,15,69,2
S01003662,Knightswood Park West,334,45,1,15,62,1,118,39,-,3,49,1
S01003663,Maryhill West,294,32,7,12,90,2,68,20,1,2,59,1
S01003664,Maryhill East,250,32,1,23,59,3,72,19,1,4,34,2
S01003665,Maryhill East,275,30,-,17,110,1,43,16,1,3,54,-
S01003666,Milton West,340,48,1,6,97,9,92,18,1,2,66,-
S01003667,Yoker North,547,59,1,43,86,4,212,70,-,6,59,7
S01003668,Anniesland West,428,35,6,24,85,4,165,50,-,7,50,2
S01003669,Milton West,561,63,2,14,152,8,185,72,1,1,63,-
S01003670,Maryhill East,496,65,2,27,153,10,116,48,1,1,73,-
S01003671,Anniesland West,372,41,1,24,82,6,109,36,-,4,67,2
S01003672,Milton East,373,49,3,9,113,9,94,20,-,2,73,1
S01003673,Maryhill West,118,19,-,8,36,1,20,17,-,-,17,-
S01003674,Knightswood East,403,45,3,31,88,8,141,36,1,6,44,-
S01003675,Anniesland East,679,60,7,120,65,3,245,43,1,21,110,4
S01003676,Anniesland West,906,80,6,123,81,7,405,43,-,15,141,5
S01003677,Milton East,350,27,1,4,124,4,96,30,-,1,61,2
S01003678,Yoker North,373,46,3,13,83,11,120,48,1,5,42,1
S01003679,Knightswood West,565,58,2,19,143,1,178,72,1,4,81,6
S01003680,Milton East,349,42,2,5,119,4,93,32,-,1,49,2
S01003681,Knightswood Park West,298,36,2,13,60,6,120,33,1,-,24,3
S01003682,Summerston North,734,66,3,66,118,6,270,99,3,10,88,5
S01003683,Blairdardie East,347,40,1,7,56,6,134,49,-,4,50,-
S01003684,Blairdardie East,457,49,2,31,64,5,163,48,-,3,88,4
S01003685,Yoker North,341,35,1,15,73,3,124,48,2,3,36,1
S01003686,Summerston Central and West,591,50,2,50,147,9,191,53,-,2,86,1
S01003687,Milton East,309,37,2,6,110,7,68,26,-,3,50,-
S01003688,Summerston North,484,50,-,22,108,2,171,45,-,1,85,-
S01003689,Blairdardie East,369,56,2,35,54,6,85,30,-,2,96,3
S01003690,Knightswood Park West,402,55,3,29,129,8,92,32,-,2,51,1
S01003691,Summerston Central and West,701,58,2,54,131,10,275,58,1,5,104,3
S01003692,Blairdardie East,582,52,2,35,128,9,205,56,-,7,81,7
S01003693,Blairdardie East,326,29,1,51,50,5,115,33,-,1,41,-
S01003694,Blairdardie West,617,50,2,50,107,2,268,64,3,5,63,3
S01003695,Summerston North,731,66,2,27,229,13,164,40,-,10,175,5
S01003696,Blairdardie East,591,54,-,78,73,4,232,57,-,2,90,1
S01003697,Blairdardie West,639,56,3,60,65,7,301,96,3,5,37,6
S01003698,Blairdardie West,596,66,-,67,87,3,214,57,-,1,94,7
S01003699,Summerston Central and West,735,53,7,46,149,8,330,70,2,2,64,4
S01003700,Summerston North,565,69,2,17,131,5,201,36,-,2,101,1
S01003701,Blairdardie East,523,65,3,58,96,3,200,42,1,2,51,2
S01003702,Drumchapel South,476,63,-,42,105,3,107,65,-,4,87,-
S01003703,Drumchapel South,539,63,3,93,72,10,146,54,1,5,89,3
S01003704,Drumry West,332,47,-,24,84,3,82,30,-,2,58,2
S01003705,Drumchapel South,477,68,3,35,117,7,95,38,1,2,108,3
S01003706,Drumchapel South,378,58,2,23,119,2,89,33,1,-,46,5
S01003707,Drumry West,635,112,5,27,131,12,149,78,-,5,116,-
S01003708,Drumchapel North,484,100,1,12,161,6,60,37,-,3,104,-
S01003709,Drumry East,306,70,2,9,80,2,55,17,-,4,66,1
S01003710,Summerston Central and West,695,77,2,20,170,8,242,63,1,5,103,4
S01003711,Drumchapel North,507,98,1,17,130,15,97,39,-,-,106,4
S01003712,Drumry West,535,70,1,30,114,6,173,57,1,2,78,3
S01003713,Drumry East,255,30,1,9,64,7,58,28,-,-,57,1
S01003714,Drumchapel North,394,53,2,15,89,5,126,35,2,3,61,3
S01003715,Drumry West,546,57,2,30,116,5,194,87,2,1,51,1
S01003716,Drumchapel North,267,52,2,5,67,1,48,15,-,3,72,2
S01003717,Drumry East,459,76,-,8,118,2,112,43,-,1,99,-
S01003718,Drumry East,455,56,-,21,99,5,126,56,-,1,90,1
